id,users
0,A2CX7LUOHB2NDG
1,A2NWSAGRHCP8N5
2,A2WNBOD3WNDNKT
3,A1GI0U4ZRJA8WN
4,A1QGNMC6O1VW39
5,A3J3BRHTDRFJ2G
6,A2TY0BTJOTENPG
7,A34ATBPOK6HCHY
8,A89DO69P0XZ27
9,AZYNQZ94U6VDB
10,A1DA3W4GTFXP6O
11,A29LPQQDG7LD5J
12,AO94DHGC771SJ
13,AMO214LNFCEI4
14,A28B1G1MSJ6OO1
15,A3N7T0DY83Y4IG
16,A1H8PY3QHMQQA0
17,A2CPBQ5W4OGBX
18,A265MKAR2WEH3Y
19,A37K02NKUIT68K
20,A2AW1SSVUIYV9Y
21,A2AEHUKOV014BP
22,AMLFNXUIEMN4T
23,A2O8FIJR9EBU56
24,A3IQGFB959IR4P
25,AYTBGUX49LF3W
26,A24QFSUU00IZ05
27,A1NG5X8VYZWX0Q
28,A1E4WG8HRWWK4R
29,A2AOEW5UGXFOOQ
30,A2XSWV6AQI90BR
31,AR84FMFYCQCWF
32,A19TBA1WARJS55
33,A3C5SMBSKKWNPT
34,A24EV6RXELQZ63
35,A3T6ZQONABIJSG
36,A132P6YSJSI5G2
37,A1NQPG5IJ43HJI
38,A2WOJCFAWI8VS8
39,A22FB2WSZSXSHH
40,AZQZ3STMCBG5H
41,A2EGPA22UHMQXL
42,AC57CU3TF6ZMJ
43,A2YX0Z6RHA8Y2H
44,A38T51B7J6QVD9
45,A1HOSS7PNC1LMU
46,A9HI77BE35VYE
47,A3HFUWKSPF5QEH
48,A38ETMHM9ATSF0
49,A34O6MND17VDDH
50,A3JSAGWSLY5044
51,A3B12X05JZKM94
52,AKZOMZCNU41GZ
53,A2XTFY0GJDF3R2
54,A3ILG56NE5QU37
55,AOK77THMKCGXZ
56,A24RBL3W5W6SAN
57,A2RX85Y4S27N2J
58,A253JJFXQNPCOJ
59,AHYURLVH267MA
60,A1FXYTO11KEJ2P
61,A2TKKYL3GKFS2M
62,A3F069UFW04K1E
63,A3HQ8RXUMJ2Y58
64,A2MNKBHPMBB0EA
65,A3HGTTFIDLCWDJ
66,AYM7NJTTX3M0L
67,A2PL24SVISXZM9
68,A3I1C8WM8DLSMM
69,A29LNVZLBG0IYN
70,A2CP4GY6XAWIII
71,A1UMFN4RKU451R
72,A3T3XKC7H5ACI1
73,A1NQNJ3EAZ6CMZ
74,A34TPQUVSQXXPX
75,A2B4F6LP0ZLI8E
76,A1RKH6803HVOQL
77,A3ZNVCQCG57AY
78,A1HM74IXWXQ5D8
79,A2DUI0YVE1DZ48
80,AH3LYMIBZ6DKF
81,AWA0CM7TY98QX
82,A244IAP7UBVHH6
83,A3E7PG9CHDBICA
84,A2JXAZZI9PHK9Z
85,A1RTWWRHVIVWQW
86,A2P5U7BDKKT7FW
87,A262D8GC5XRU31
88,AAZ084UMH8VZ2
89,A3M122DYN9L5N8
90,A3S0RV5ZQ37538
91,A150Y5KRN7FWJJ
92,AEZ3CR6BKIROJ
93,A3BY5KCNQZXV5U
94,A1JIOBEWHVV8MC
95,A2OJRZGW5YVGNS
96,A14KUMEJ094IZ3
97,A212UCG62RO8JF
98,A18U7ZDE2VHD01
99,A39J1PTX1KAL66
100,A2IEJQ8754BMSI
101,APGCN777AZIYR
102,A1UMV2TNJ96LMU
103,A7S2B0I67WNWB
104,A3HICVLF4PFFMN
105,A3HGP1YI7G80HA
106,A2SRW2W1GXYKQZ
107,A3S51KDTK4P2JP
108,A2ATRYXF83T83K
109,A5MJPMMDAA1RQ
110,A1RGYV1ASMTMSE
111,ANSKSPEEAKY7S
112,A2QBZA4S1ROX9Q
113,A2FT4NPBE189NB
114,AEFUHKIXACWJW
115,ANY6JUFM0GH8U
116,A29AHNG4TUERKG
117,AT09WGFUM934H
118,A1JB5VD57VRYAX
119,A22055Y81HHDQ9
120,A2CVNEE0H2F1YE
121,ASLRVLGGF5F2J
122,A2TSQNO5HXCYN2
123,A1G0KYO61NFVTF
124,A2OC1UK7VMBLOT
125,A260COKJRRVS3U
126,A1T8TP4OHT5T13
127,AGAKHE014LQFU
128,A3NU787GB0X67S
129,AY0BL2JD0GAFT
130,A2UVFEZ7UDBRAA
131,A2332ANCYJS96P
132,A1S6B5QFWGVL5U
133,A399VAWM09IRH9
134,AMP3SRCVG8VED
135,ANFUGJ8Z9EMQS
136,A2N3PEHL6QY8U8
137,A2KK9GUTOXMB43
138,A1G5M9B068B6N4
139,A107S4MT25VXQ5
140,A1IIGG5OMZKNYP
141,A3RV0ZUIEOM0TX
142,AAWFWZ2K9WTV1
143,A2J3WVIQ5LO1O7
144,A1GI134K2EVPEM
145,A37ASPPZ778F9O
146,AWL0JAXP3LQWJ
147,A29FNXHYVA2W4G
148,A32JHAQPVSGHUD
149,A2C8SNQ59NMJ1
150,AUMPN10O0S5WE
151,A1APJUGO70YI8
152,A3EI9TX2A4MUSZ
153,A3JQESKSRFB6MV
154,A3AW83CCH2SYAG
155,A3IL8P9RPBUW2X
156,A1C09ZLU9Z56TG
157,A2E14J26DQZOAA
158,A16OJ9FTF432BE
159,A2WOSVWG4SX1J1
160,A17ZYVAZZZWXU5
161,A1PY7ODDSRIFGV
162,AJ4QIAKKHW21N
163,A2RMLNVKPFRK7X
164,A2R4GEWPLORVSO
165,A1KKUYTDUZDZSA
166,A34527S2PDKKGN
167,ACVACAN9F8XKR
168,A5OXSZ6JI3WW0
169,A28K8QC9C4WPGE
170,A266DODBJYK0X
171,A17RBVZX3VTNBW
172,AV4GK35MHBFMW
173,A3UKB1QYS8KBW0
174,A11E2USO989A37
175,A9CRICSLKO7DJ
176,A32HSNCNPRUMTR
177,A17HMM1M7T9PJ1
178,A1GWA4DX7T4RWE
179,A233AWZLS4LDYO
180,A737SIAIN3WIY
181,AVH06NSECM8EY
182,A1BKC6B7YHYTVV
183,AWVFSIB42LHKJ
184,A36MQBNADRH8YY
185,A3SRXMPLAEZ6DP
186,A20XXTXWF2TCPY
187,AOZZ0CTG5RMW1
188,A2IDCSC6NVONIZ
189,AML8NIWFKHZJU
190,A33HBPL7Q6SZMG
191,A22JDDJB1ZLGGZ
192,A39PZJCRS98E6P
193,A17S5ODXALEGVP
194,A2WAXINV2ODKUQ
195,A23X08KRDJKF7
196,A15FPN5N8TI3Q8
197,A1ZD73MDX4POAY
198,A1EDI0X3GI1SK7
199,A3BMUBUC1N77U8
200,A1WSLZ5AVVHLRX
201,A2ZBW1GVAXYGNI
202,A3H4C425X1H2H9
203,A17D7RRY5F6Q6E
204,AYL6T95NTTYCT
205,ARG1JEPRCUDQT
206,A3BPE4JK9G2SIE
207,AVRFGGCCCR6QU
208,ARW08E970C4A4
209,AKUNHU70LFK6E
210,A156MPSDULFFO5
211,A1RJD803EYM353
212,A3UOSOCRKS3WIH
213,AWE6E7DWGGWN7
214,A3PRSCGIX3NY0X
215,A1RGY08MHYC8AG
216,AQJ9VAGG0QKEH
217,A3NFODKXP6LXLV
218,A36JCYNJG4Q2W6
219,A2XPU8EMY19NBQ
220,A1FAOXB8IJS99K
221,A19X9H8DC3U31K
222,A32XX53PIYV78T
223,A1G1B7UE7D675U
224,A778X9CUE16YO
225,A1E9C49T7E6GKV
226,A2G2K3OC74CPFZ
227,A371ZZ95ZQEIZV
228,A17BX6ISOLKLXM
229,A1SJ4E4I684N6M
230,A3A5LQ5T7M7I8V
231,A18SGGRTJKKHR3
232,A2ZSAJ28QS6Z68
233,A2UUNC4CW16062
234,A7060R14RJF3I
235,AIHN98QLUVU7E
236,A3RCX7Z7I9G2MF
237,A1JLEDHBYBOLG2
238,A3GG0HR8199P8Z
239,A3R0H2RJY9DM99
240,A26QCCO0101CO1
241,APBF796U7GUTV
242,A3T1DE9OZLLLWG
243,AUCYYUP15XJA
244,A14V9YT3C4QRPW
245,A1HRZF7BQSCLUC
246,AZPT44204EODM
247,A1TDQTL9185HTU
248,A6DI4IE8MKFYR
249,A1CE42YCMQ3FEX
250,A1VYNYUM57GAM0
251,A1C1XLRK3R841B
252,AF6352V65ZNG1
253,AFS5ZGZ2M3ZGV
254,AH5FPXRBVFP0B
255,A1FXZJ8ZMQLYBS
256,A2HLNXOYLMERTC
257,A2ULCET06LOPBB
258,A95VB9FYXW5XJ
259,A3CCITVF0WL6KE
260,AYZ54MQJUM3NV
261,AYQNWE3AX4H08
262,A3P2ZN0QGUALHG
263,AS2KRDSIWBM2P
264,ALL8RBDZK0WWO
265,A33MVR4OT3321
266,A3P24ZSF9IQRJJ
267,A2YYH2I9S9TUCM
268,A3PY6TQYAZG7MB
269,A7SPHMIUOO3H1
270,A1JI3XL5ME8CWM
271,AIRPOKZ4206EG
272,A320EVMBXQI9B8
273,AQBLWW13U66XD
274,A2JQZJVI9DS6R6
275,AEBGTLDMLWZO4
276,A70MDVX1NI1MM
277,A1WT0YXXFDUY46
278,A2DO34E3J21CRT
279,A1079KKA0AXSL3
280,A3NNSGACHBM7MK
281,A3CK3T0E4C99CJ
282,AUKEU9CW56TT4
283,A3UNB8ASV0YNCN
284,A2BWX768VJ5QFS
285,AYIMC83D50LGH
286,A21VE3LW3ZQ7KZ
287,A2IYE9D2TEIDYV
288,A1Z3FKFCMLSMG3
289,A28YQET4K11XVA
290,AYRHK2GGO4VFU
291,A3130BH1Z7OPD2
292,AGWAOGY3WTN4X
293,A1L5LHGAUIIEOU
294,A23A7OH3AM0PDA
295,A12AU3CNAWYO5D
296,A5O0P0JV6PLU3
297,A3TY97QXQ6ZFSQ
298,A2LKVJ3HM9FKUE
299,A35QI2GKW8K230
300,A4VTUX8VGLMAW
301,A27X48PMUGK6U4
302,A36B6D7RXI94JR
303,A2KQDWZZUBBNOJ
304,AW90C3YRHB3TG
305,A2IXNEHMM685C9
306,A27XULAA9X5ZGQ
307,A3OB8MSEUT2B0F
308,A4CUFSZBWO8HR
309,A3DIXHIECTEKV2
310,A1BAAIX0K2960C
311,A3TTQNM920Q30O
312,AWYAJCVLQNJK8
313,A3IIGCFLKVFW8M
314,A1C4BMQQXOQD80
315,A2NJJGX3EMM4KB
316,A1YFZQQLQ3QZHK
317,ATWS0VHG8NOUZ
318,AYGDF2QFY2ZZ3
319,A2063NNYWR4B7J
320,A108UXJTIV8XXY
321,A35TCV053U9AHN
322,A3ON9HIKV7GO6K
323,A13S3RBHK5T968
324,A20VSTDILG9K7H
325,A1Y7I43UEGKDN7
326,A3LUBQ6HTHQC9C
327,AGG3RTQFN3OJ4
328,A1EWPEGJYIX23N
329,AVOYMPC2XY63V
330,A3VKO21KYDJQ2W
331,A1MSO6LERG39PC
332,A20Q4FIBCAG2ZV
333,A2LDAK4G15UOQ6
334,A1980MGZXSGJP
335,AQI418NDK5GF3
336,A2QDYDMCPU68U5
337,A35DGOWXUZYTWS
338,A1JOEW6J1H9CXX
339,A1GLL5CJ1SFAMS
340,A3GYJW3I6Q5AXG
341,A1SFB394R1NHNB
342,A2683OJ85CLWFA
343,AXBF39GC4I2EC
344,A2MBXZ1XGBUFA
345,A226W9HO3YVYUG
346,A2UWRQFJ9OIM9L
347,A14C5D25SZWFLX
348,AXDW3OXL1ANL4
349,A3M6S7Y1FNPOLD
350,A1GSL1M8TPUSB2
351,A2C4WL8NYM7Q0I
352,A1VVJLWQ15YTYV
353,AOU1TM9UA1BZF
354,A3S5643F4JNLQQ
355,A1HT4T3HR2W9VG
356,AJIA55AVU0CUS
357,A36VF2I8ILFJH1
358,A106YUCY4SVX1D
359,A1YVXAIV87Z3LM
360,A3U6HVI3EWAZWU
361,A3V0W3FHKL6468
362,A3C51ESBUD8QAJ
363,A32YYOS0T4NVG1
364,A1OO6OKFFDBXNW
365,A3IC6OB22INS9
366,A2F1XPTGEADV8R
367,A3ISZ8KLXYYI7P
368,A3RD1GFFLG12YC
369,A1SR2IFR1CBPQW
370,A1JKBJEKH5GXIT
371,A2QG84ZEFKUISL
372,A26FS7F997E7SI
373,A2QB7E7X3RURZ2
374,A263GC6WFHUY4Z
375,A33DH1NN4OOKX3
376,A25EIC1CXMA1DO
377,A2EJJTOWAEL7SJ
378,A2MQ47BBL7F6B6
379,A3QH8VQDE7HZCR
380,A2UMQGIOIQ2ZJ9
381,A2RNG3LFW5CFKX
382,A25DO9Q43GE6WK
383,A2LSIS2A2CNLVL
384,A26UWC5UI7XLY2
385,A1MDERNKA03DON
386,A1HZ68B7UMNWVW
387,A3KWKARBHBSQZF
388,A6J8D9V5S9MBE
389,A3Q95HLHAUC34M
390,A3UBDM2OA2Y3I9
391,A1AT5LYGF3T3BJ
392,A2VEU4GLPJUFNP
393,A143ONYTRZY3SF
394,A2ASX8RGDVFNOG
395,A3D1X3ZYUWR0Z9
396,AYNGELTTLBXVN
397,A3NMAV0XRHOS1U
398,AIGTSPP6PLJJW
399,A3TF6PPEYAQ1KX
400,A2MJNFUQS2FG92
401,A37Z3QW5ZDJLSZ
402,A21DCEYSAP2KM8
403,A2UZQ5I2XLQYXD
404,A2I8I2LLVE9U6G
405,A39Z4OU2C7ENWH
406,A1UJX9NC57TW5N
407,A1FQOCN6SNXNG6
408,AY7Y69EUL5GGL
409,A31QWH1JR60A5F
410,A2C0L77SWTXMOV
411,A2E5IK9TUH8UPD
412,A3QWCGS4OS44UP
413,A3UBY3ND3TTNL3
414,A3TBIJHR03ELEQ
415,AX3OXHFIKAE4R
416,A3QRE0I5HSC332
417,A1C55HT82Y70AE
418,A1EJKPTGO474WN
419,AEQR0VUFBZXUY
420,AKBZI91RTIXM6
421,A1XQEYP8NDJIGH
422,A1VL1D97E9PJGX
423,A2RHDVCXQVFFXM
424,A32QNTFPVVY3P4
425,A2HG19HOW4IZ7L
426,AGZ1HS2KBSFRG
427,A1NOPFD9YTMXHB
428,A1CWI7TXJW674Q
429,A11XEQWME3DHFF
430,A2S089YNV6Y2D1
431,A2SKYCFKIOGG19
432,AL4WX7LL4ISYK
433,A3OTY3KB4OG9FO
434,A1BMBZNUA3H10M
435,A1HYHOBZPJKY1I
436,ALP4IUKDBJ0EO
437,A3GCTN5ZPQT657
438,A13BWQDECDDVIZ
439,A1M7VPG9Q6JEO8
440,A20UDOT1F361T2
441,A25I5Q55UL8MT3
442,A3UA6U3K0R6PDY
443,A12XCRHPREC51Y
444,A1QBVPRRBYL5US
445,A3QPJS71FU70MX
446,A1HAF9KEUQHT5F
447,A2PCG95PZLF92Q
448,A28DLVVZMHTAPN
449,A34895BBYDUOG7
450,A1SS291G5X84WC
451,A1RPEK98P97J7W
452,ABBPDSBNGEYRU
453,AYKXABHFBFGJX
454,A1B8LOW1DH3HZY
455,A17PJXD7YBSD8F
456,A36VRTU7YUGH39
457,A2A3B0JX2JRS6S
458,A1ZPEZMQBCTZQN
459,A2OGXHE7PVLTOE
460,A3OYE7X2O08LNT
461,A1RKIVV5VR3RJ8
462,A31KBWBVXWUCSR
463,A1KECIKIWDB4HH
464,A2YIXN1SNPWV0A
465,A2LR9WP2JGDT8E
466,A1TSQF40H4MIWM
467,A3DBMXKKJMO910
468,A23AF9X5323ME3
469,A18FTRFQQ141CP
470,AE1L7FJUVT661
471,A1M17ZTK354P6Y
472,A3D8NXND1ALT91
473,A1XEYWWDJ09OEA
474,A2JMN2JA9LSHVL
475,A3ATF868IEP191
476,A1YQJNKIMRBU1M
477,A2D6D5MUX0SP2H
478,AXREKH8MC9S3X
479,A3VZ53R6F842QZ
480,A14O9P3DV5EHKO
481,A27WRC8KIFFTWS
482,AVHB9LLVCTEKY
483,A1BFGWPAR3XE0Y
484,A38IZ9GUFJ28AP
485,A153SN02P05UXE
486,A3F9NDKO3GFOCH
487,A1KI8R3FT71PPK
488,A38KYGIUKF2MFU
489,AIJWAL4ZGCK2F
490,A2GPNXFUUV51ZZ
491,A3CLWR1UUZT6TG
492,A12ZCHX2T8Z952
493,A3GJT8MVRII6PJ
494,A38DTJURWNUQTZ
495,A1V8UZ63FQD382
496,A2IKPO861L8O90
497,A3Q7DHKIU7TMBI
498,AT138NK1P69KO
499,A2ACJSHEC2RZVZ
500,A28INZ2FGLBOZO
501,AOOQGCJEV25VT
502,A2IRDF393ZKDN8
503,A24OHQK700QEIW
504,A3T3M5EYGCWSUA
505,A17TBWDFNK675R
506,A3P5CV06QLXGRF
507,A1P7CE4XXWG8WJ
508,A1PUB1SLAFU555
509,A5ABV0IOAM9YO
510,A3SWF9UXQAEK9Q
511,A24NAL80DJU0B8
512,A1WI6CDE40JSDZ
513,A1V4GFB3HKFZ2T
514,A2K4HQA1K0CVGP
515,A2HWFK6TC9SGV
516,A2EPTJFNJSHUCU
517,A38FGQVJM18OWV
518,A1CA40102FA5N0
519,A3586I23X68J59
520,A3TH91PK3IABQU
521,A22E1RM28FZZP2
522,A12PFARGH9ELDI
523,A20RYSHYDK9M6
524,A16Q3CV7TCFO4E
525,A1P560UNX4SBE7
526,A28RVT20CEXA8B
527,A27OMVFGJXH1VB
528,AHJJYGJXJ346V
529,A2CDG7JEL4W6IC
530,A19KHPSLJQ1UKY
531,A3E4YU6APQLRKE
532,A2NOHYNZCZ2NW4
533,A11NLVWA0MTSGH
534,A2YJHOCQJJCD6L
535,A9MZROA9WNRJT
536,A34DGHJJFSSN8X
537,A1GLHE8QE65D0W
538,A11SX0QI0EFZY0
539,AQNQ3Y8AK04GQ
540,A3F6E9FYLZ7MXZ
541,A3D9JOLPWI3SSL
542,A39K0PHF85UU2O
543,A13W1XKMRMF43T
544,A4PRLL18Q4TE1
545,A21532E0LDLKPD
546,A2Q9HI52XRHPYB
547,A2ANB0YF7J5VBB
548,A1HJMUCKBJ38XL
549,A17EAU0WHA1A4N
550,AVTEOX99BMGZ
551,A3PPDNV08DDMUY
552,A20IY0H76J8ICM
553,A1PV9NZBPCKSG2
554,AOJBRLPBX7JIX
555,AQGSAZBQTA4
556,A27W2XD4XB3GIR
557,A1YCH6MMPBKC2O
558,A3GRZJH6281WN6
559,A1N4DKWTQ9YP1Q
560,A30F26L0LWNE9I
561,AD0VA39FRVNKN
562,ABM9CL72EGWKN
563,A1SUS5G1DY6WUM
564,A20IOFDX45NZET
565,A1WHCQQ1016OC4
566,A2WZWY5MQTXO0R
567,A3KR19BIVGUK9P
568,A1N99F2Z4F01RG
569,A2WZ2FO4LNOBLD
570,AKOB0AC7H4RHN
571,A29GANDIIX0H4Y
572,A14RTWD2KSOEOD
573,A3DBA3N3MTQDB2
574,A3A7ZJ4QS65X15
575,A3GL86VTKP3OL6
576,A6ZGUVQLM93MC
577,A23LAEGOPQR4BB
578,A6IZS2U4RFJSY
579,A2E62IBKN9OV3S
580,A361FG8C13FB99
581,A110S8IJ3ZID0D
582,A11NR4AJK9TNQM
583,A3CWU14LXQQTL
584,A2VN9A89NJ9TPZ
585,AY9QGJVGN3P67
586,A13M65IGNEQXW1
587,ANWW7PT6Z6MHD
588,A180BZHVJIRWBZ
589,A31FNBHNC19QX6
590,A2DDPTOS7XXBUY
591,A1R2514DVWIIMV
592,A1KM3IPZ9H0JKZ
593,A3HF257LGTGOTS
594,A6R43EXZGQ1I0
595,A33RU0BLKE4YWA
596,A26ADM56C8D660
597,A11D842ZBM7QAD
598,AZ6SUJ5T0KBE5
599,A2EZPD81ACVMOO
600,A284PZTO3H9FEN
601,A7EVWY97FPSIA
602,A8XWBF2NFDRC3
603,AHKKH5P9OXXMG
604,A3BLAOR6MEE9YO
605,A1N0MVWRW4JI84
606,A30IEZ3Y1GC6D7
607,A14ZMA7222WU6F
608,AN4PWA7694PFT
609,A2RELVDY2PSZHD
610,A33TFX6J52RLYP
611,A222PTRQBKQKX6
612,A1VM0DU10K0DE6
613,ACS5A8NRVRQ8M
614,AMZPGSUL2HJMQ
615,A1ELV5JOVFMNOV
616,A1X7SF8S7VRCVH
617,A3F0Y83DVO5TIY
618,A19A4GQJW67VOD
619,A1VA1QF8KZNBLL
620,A36ZD92R4M2NZ9
621,A1LSU3ES5R6WLN
622,A2BG2OS6UJK297
623,A19QVO6ZINIZHS
624,A1QKUDP9EUHJXH
625,AELFAZJYOP332
626,A29Y8MLKEZILVU
627,AV2AZD7ZIBC3L
628,A3W2CPHVD6E5QR
629,A3UTDVL4CPYCTW
630,A3TAS1AG6FMBQW
631,A20EHH02K9S2UZ
632,A1WXU0BY2L7ZL9
633,A3QTXADA24F55O
634,AYRACCER8JXU1
635,A2T4OX8NH9LIIC
636,A3VSGMP5KCQ4Q2
637,A1QKKD813YA5BJ
638,A2RUN82QPU60PN
639,A2W75LE521OOTH
640,A1PYNMFFQ9IBNL
641,ANJY75Z24A6AG
642,A16PP857J4AKLB
643,A1RDICEF7NSVHV
644,A2HOKNSVG9MMT8
645,A1KFWYUVIPJTLQ
646,AYYNNAEWP3W5Y
647,A2XXCJLS58H1A7
648,A3DOQ1AI1MU74K
649,A51C3CTWY2J23
650,A2NBPR4M3MFKKI
651,A3CAGSLL6VIX76
652,A1UEU41SCOKU8D
653,A111UHA2H22XE7
654,A1Y0Z0D0EP753W
655,A11YUH1WVD236C
656,A1UDBJBAR7516G
657,AN4QU8ON7JUK9
658,A3GF7FD6065R2H
659,A6VR7MFCELNU6
660,A3DH6A4TTKGTPW
661,A2OGRLHZZWF411
662,A123IFV7Z2V1DU
663,A12JT6X3FXE06J
664,A2I87F2QCJ6RK3
665,A3B55PW1W6B17P
666,AJ2QOQPGKJUFF
667,A2EOJNVW4NF4AE
668,A263OQLPKEXPF1
669,A18BV86D2IV4KH
670,A4AUP9IZ38BUL
671,A3S7Z3RXO7HC1U
672,A1XREVVFVB6ZRY
673,A181ZV0355JPY6
674,A241HAACWTVY30
675,ATXHGENR16TFT
676,AQKPJKYY7VLPZ
677,AB31FF0JMPOUP
678,A10S9NK38WEQ65
679,A1WR5GC0TCUVC
680,AK514FAJ3YQSV
681,A56AUIA2KJ3KQ
682,AAX362ILQQEY4
683,A2OEVTBSZTURWZ
684,A22UL4BXTSXSCB
685,A381YBD6RB2KW9
686,AD3L2C20LB7EP
687,A14V89LNZUNDVX
688,A39FZ5UWBN99VP
689,A2GEC96F86XNCC
690,A2UT34LEOXUR33
691,AL635KJYMZ71K
692,A27CCNUN2ZZ7L
693,A1XN02NMD3EM8H
694,A1C1SR200MSJUM
695,A22TFR5ELFDG50
696,A8VNC6541C6Z9
697,A10TQRXANRYQ6D
698,A2HMH7WZ7U3M6T
699,A2QVJ0IB5X7I3S
700,A17VYZM1SAX9BR
701,AOARGQDECYFJ8
702,A2WFT646E4IYNK
703,A39KBWLS6TURMR
704,A16W4IDX9O70NU
705,A20PJM69ERA9CA
706,ALVJCD5NY28G4
707,ATWPVC644K29Z
708,A2CJH05NQX7BD7
709,A2LME30OB5OHTN
710,A1EWQ5Y6HHSJGX
711,AK4A0WP71RIG0
712,A120ULF73SUTI9
713,A4AF29Y2BHYEY
714,A6FGKXU6ZPW64
715,ADSRJY1DRPL6Y
716,AKSRGI790QOOT
717,ANSFLSQ5F6F2G
718,A1QPW8EFCNQJB6
719,A3DVV9V489ITBE
720,AA24EMYGLX593
721,AQV240XF36FSX
722,A3OTEWNG0JOIIE
723,A3K8DR8H1T9N42
724,A2IZ0CCB5OJI95
725,A3CG50NHWGH5H9
726,A1463ASM7QMU2I
727,A3L61LOQ3YR4AO
728,A1LE0TJ3UYVV7X
729,AIWE3KTYZ9RQ4
730,AKAOH4DGKSCP1
731,A2ALRD1DZHX7ZY
732,A1DPTFY0G6P7SY
733,A1RJTUPD2F4GCX
734,A28N5MLYX9Q8ZN
735,A9UFBRZV2I3U1
736,A2BLGQ2SCSKCCY
737,A2QAPBQOLC5MPM
738,ATWBLNW9VXQW0
739,A2GN3D3HXQI3BF
740,A2FC0JI1EDAAJF
741,A21OS6PWQG5YOO
742,A1OYA1IESSJ8F6
743,AA81KFW4X8UIH
744,A3QSU7RSCS2JLK
745,A2G3KD3TIN53N2
746,A36ATQRF014CAH
747,A35KCAUAE99I3Y
748,ALSYM9GTZ8E7A
749,A4035XND6J8CS
750,A2LTW5O60G852G
751,A317RWPY08I5QX
752,A3S8Z7UF9OQ1PU
753,A2E0H4X2BCILP6
754,A39WT88YZXIJTB
755,AP91TRN3KDIRH
756,A3UYI01GLEYZSP
757,A3JTK3K0PXFFT5
758,A2I8T047ZTHHRZ
759,AP7LSRPXT3ZL8
760,AP3XMM1077I50
761,A10MC5C359B1T7
762,A1X1DS4OWX7WJK
763,A1GJHLL1Y090P5
764,A1TTW3G7D18GS5
765,A2FF6SG2Z15WY8
766,A1EHAX7WGEJFEV
767,A2N7FW352FF8AQ
768,A2DNXSCB3JXGY2
769,A1C71KC23S7YAZ
770,A1OO47RRQ4I29R
771,A2DEU0B3AUINV9
772,AE8R1JSMJYIU
773,AC4HGDV9303YH
774,A2FXM6UKGH1WFE
775,A1038957GWRBP375RU5T
776,AU2KDGQQKTCJ0
777,A1GOBWZGW5KTYG
778,A7R4R9THNELTP
779,A2RU0H9MD4IH5M
780,A3MAKX14WHMXXK
781,A2U9XX4Q5NQBG6
782,ADM5RFAZ3LWDF
783,AVNNI39RQMZPG
784,A1AH0XJN1VCRQZ
785,A20P7YTMB5UGSM
786,A5DT620AT9LAT
787,A1PU4NJBB1UU33
788,A2465OVDXMXNGZ
789,A1M6DES3E3CLW2
790,AEVGI82M8PECC
791,A1P31CO3L42CH1
792,A1743UQ12BFP3F
793,A2AJB67RIHEXIM
794,A16WXV8ANSR36O
795,A142B3JN06ZBOD
796,AUSMGD8LVU7D2
797,A3OA5H4NRLI7MU
798,AC641L63OT64F
799,A1SMK2N4JHOWLT
800,A1UAP0NDDZE7RV
801,AM3IQNMF60MBU
802,A1AFORE8L2LGGW
803,A212REVB5AFP02
804,A3SXYB8JPQ44LN
805,A2AQ5NSE7ALLOF
806,A11BKLWVWL7Q2J
807,A3LSVS4YA2CEAX
808,A2X2ZMSYYCL1A1
809,A1SIV0P0QLCP3X
810,A3TAT80JCWYGB4
811,AJ97HDK7RH9VW
812,A2KUEGMSLHUNNP
813,A34XHTETLN5WHD
814,ATNJBDID1K17N
815,A6UFYXM3VDZ
816,AVCM37Q6TKOAG
817,A2UKT5SQR9EI7U
818,A2AU7WTTTWU4H0
819,A3V2D9KAJK16X
820,A204YNL8K5AOU1
821,AU6SV4IPYQ10P
822,A5CFCTKIURGA4
823,AZM8PD2KBVXN5
824,A2RX1JTBIIB4T7
825,A030530627MK66BD8V4LN
826,A3HVBGFQGVKEN6
827,A3D37SX2JYWQAD
828,A2YF3QW52PBL3C
829,A7V9WIUIB02OI
830,A2MZYIGRUMSJKH
831,A3NTL6NCDLA064
832,A2EJTJJ6WCE8TC
833,A1E5AP6REAVJ2
834,AM178A0W4L6TT
835,A2Q2FQ4X99I9HN
836,A2JZGIDQ8RD9O7
837,A3I63PQL34GPRJ
838,A2TOUTL6Z74SMQ
839,A3MIAO5MG9ESMO
840,A8THC8D64F5E3
841,AY0D7YV22WO7Y
842,A6MHD7SKZ1OJO
843,A1K8NFAW926KCG
844,A14HG36I5AKTVF
845,A1XK4O47V918TK
846,A1WNIOPMTGGTCS
847,A26VDAZZG2BO27
848,A2077DSWGE0ELT
849,A167ZKQMOK3QVQ
850,A3SK1V2XAMFU4J
851,A171QI6IDL6T5J
852,A3NFXPE2SP2NDC
853,A1RI8HAZRUWZM6
854,A2S2IJJLGCXTAD
855,A3IZFW84VV75XS
856,AIIZ3D0BQS7CR
857,A3AKVALGT4Y02G
858,A2I8J6GW1H6LWU
859,A174LMEP27Q3H9
860,AY796UUSZ2ZVA
861,A2NBPI1022XD6X
862,A14GJVRNRLDG84
863,AY1Z6EFM02DSU
864,A2NOXTG05AHVB3
865,A3MNCZ1RE5TIRI
866,AXBCUEOWEL49V
867,A3QRS9HM9LD3A
868,A2INJ5ZNSHUE9R
869,A3QFR6XRJ89EGZ
870,A2KR372GZW00MJ
871,AZO3DZAJ8S0D9
872,AH8Q45LTCQCFJ
873,A1NFUURN2RV9GT
874,ALUZVJS4G2J9Y
875,A25RWGRTI45P88
876,A2XKV52LF7ERZL
877,A19ZTSSP46BUFE
878,A2BLRT79WUTLXW
879,A3PR648T8RDRS
880,A18YDKJ6MLVYZL
881,A39LNFWIZZT0VW
882,A6TWN9W9WSAV0
883,AU1I7HEEZJCSY
884,A16Y72DRF7ITNB
885,AZFF4CX9MQ4AE
886,A8TH161HDA2FL
887,AH7DLKHSGZKCR
888,A2HI35H2BOCV9R
889,A11IFJDOZ0T6Z2
890,A11X5KB2AFYGBX
891,A15K7HV1XD6YWR
892,A1HMK1KMWQBDTT
893,A235DJF7AEYJFQ
894,A1PZ1UEVHMNS18
895,A27B2NA4IKY3P8
896,A1S8E2JSVXHIPB
897,A2QBJEHKTD7R6O
898,A2LVJDTDXIIY84
899,A2J13NR5GB8GYO
900,A6D7R8LLIC3FO
901,A3S1BO0SLFC5H
902,A3DKC72AYVYT6T
903,AZ3DVRQOQMC59
904,A2Q6I168BPOUSM
905,A1P9S4MYB15O0K
906,A2M3CN7OC6ADPG
907,A2BNYSMW3UFKS8
908,A1DNACCKWV41IY
909,A81NVWL4MMVT8
910,A3BLYMV1UIDWU9
911,A19NI7EG704QLJ
912,A29N5GAYTJUFQM
913,A3EP4YIS9W1LR1
914,AHPRCZ59P9RU0
915,A1JRWN50MPG8EH
916,A7G5TA2C9IGSE
917,A38LYJ7NQ65G5L
918,A6GYEDCEU2LKG
919,A20WKO5G1YTC0H
920,A1C9DXCM6QF5XQ
921,A21NLR9Z1MC7P8
922,A3TCV19D652GPU
923,A1IMCM3OSZFPQK
924,A2X1JGIN31F8WP
925,A12CEA80W6MZL3
926,A3526XYYY8DE8J
927,A1N7QSP1U513KJ
928,A3FZ6D8NP9775P
929,A3OA1X9RC25X4B
930,A1BV6SSYN6ITUD
931,A2ML1ZBZ75I058
932,A2BQ69HXT2EZ5E
933,AQIBGC2OCCAHQ
934,A3JBRHRYUITFDN
935,ARVMH02CVVJBV
936,A3EIH3FETBO3Z3
937,ADJVSS1OZ4RM2
938,A1EAXVLKPVL8W5
939,A1HMMR78CDCNB
940,A2YO6DRFFWB5D2
941,A32QNGGSX3YTAH
942,A2TYW6QLYACPVL
943,A29OJBE89XRIW6
944,A35AY98EAZ8OB
945,A1IXF1F4DMS1XO
946,AKY4Q90DE9AO9
947,A3LSDUV9HSY66
948,A1FFCR74WU1E6Z
949,A1R4KD3T10FOG0
950,A3HJ888Q5EOO66
951,A1MYNY918JSFCE
952,A2DZQFJ8A43OB3
953,A3VMCFOCPL3R7Q
954,A2C4YXP64SJSDR
955,AL29YSP075B3G
956,A3P1AEV6KGPSYM
957,A2HLEMX0FEQ1YR
958,A3KSID0WUMUHZG
959,A3BM1LI2E1F8P2
960,A2SUMK3BDIUG4Z
961,A39IMVHNMDZU0I
962,A2441IHTNYIN5D
963,A3MTB981M61PNW
964,A1HM9UYHIQ3YM2
965,A2R8ZQ9VJUBTQR
966,AUOF7KMZRE4RG
967,A2GGS3I5BY7R1A
968,A23LZZD5UXRHWX
969,A326UIIB1O2UUR
970,A3AYPQY4EHVW39
971,AAJ0NJL17KRNX
972,A1Z55ZZHFDF4NL
973,A2UIFGA3R5IO2V
974,A3EEOAR6K3UG6E
975,A1MQPFL5EALKU0
976,A2RE73VUCARNE0
977,A10MF6OJK61N22
978,A3KHBD3YRNY5WO
979,A1M1P0Y1GIHMK4
980,A23C1AURSCRZ5O
981,A2GDPXNXVK43KU
982,A2PARH1DUDLWHT
983,A2WXQ8Y5SHCWCY
984,A2MLE5H35UXP2Q
985,A1S6MB867Q8B8S
986,A3VWY3CDC423UM
987,AE3BZ7JJ7W00V
988,AX6PR7CA8DPT7
989,A2YW1PZEMN81Q9
990,A3JJT95MDDK49T
991,A1L7JCX9IKGKIQ
992,AANEB3ICACKM0
993,A14EXDNXP360ZE
994,A1GEN2ZI0TQW5
995,A1H6N17FJZMZ2G
996,AZTC7YC8PKG39
997,A14ERDBXQVVYI3
998,A2ZSX2UA4ATWEM
999,A20WLV3E6PVRQR
1000,AXXAD76G1CMC5
1001,A2VS1A1GZT60UX
1002,A2Y4H3PXB07WQI
1003,A2AAR8AVNJNIJ7
1004,A2O74NNJK37DCS
1005,A14J537H58XBYV
1006,A3HAWAR6KX3ENU
1007,AQ3SGCLNIPQ01
1008,A5HRZY8YFPN8C
1009,AOKW9X5VRG1BS
1010,AJUAH1PQMVBHW
1011,A1P95C3IU271TQ
1012,A39G6JO7O8EQXF
1013,A7123VSG1OW09
1014,ANN30ODGJSEH
1015,A2EBPFXZNLL753
1016,AURWQWT9DK7LL
1017,A2OT9JAC4HOSEG
1018,A1OY33KGOG3IX8
1019,A1QJ22SXJBZZOJ
1020,A2WH3Y3YZVTHY2
1021,A7NCGA42VJXSN
1022,A133UR2OC00VKB
1023,A1E2855QWM2V3X
1024,AWTZV8KBOEMVE
1025,A114A5MIHM3R6L
1026,APTBT66A0Z76A
1027,A25Z1DZ5A3ECFP
1028,A3945ZO3MNKVMO
1029,A3L52N7YVFR5ZO
1030,A2UAS6OGCR8IUG
1031,A1CWJIHXZJB0XU
1032,A15RAS3OFAW410
1033,A35MCPGBZK8UY4
1034,A2CV4SYG4SL4AM
1035,A296RXP4J0WKLI
1036,A2ZCB2NHYA4GL6
1037,A3LRP51KB8VACW
1038,A0293130VTX2ZXA70JQS
1039,A3F2F2UXWFGQSK
1040,A1BKKEWFMHS7XU
1041,A1FGK3N8GZHGZJ
1042,A2ZDMIP49N36UJ
1043,A14R4K86STZFD2
1044,ABU4LUKJU2QOY
1045,A2DGVS13XMUNB3
1046,A18UFW42IIXMVU
1047,ACKMRQGIOE5CM
1048,A2X837PZUYO9SP
1049,ABFMCMZDV4J75
1050,A11ZP93TJED4T6
1051,AMUZCYTOQ75PC
1052,AFEASK6FJZ8X8
1053,A114Z5X6UH93GT
1054,A12LBD1IJ8M99Y
1055,A1RPOL9OFAQ0E1
1056,A237VI9P6R8P1B
1057,A1OBZBKACUXUXB
1058,A1JTG2AJ38OHKO
1059,AE338NNTGECZ1
1060,A18L76V7IM7RAI
1061,A1VCIN0PAVIZOR
1062,A3PLWFLSHYF4BD
1063,A267GR678IPW5E
1064,A3O2WCP3UM0J7Y
1065,A1WBDC76QEJLUK
1066,A13VY1C3HIGVRP
1067,A23S2XCWFZM976
1068,A3TG05J8EU1EDF
1069,A3IR82A2D7R7FD
1070,A19HA89L528MI2
1071,A3KJ0FH0HTQL63
1072,A3NL1YLHDPLZ0B
1073,A32WZVJGDTSQUO
1074,A2V6L4KOFXSBWL
1075,A2CTQROHYPPLR
1076,A1N9QB2BECD6TS
1077,A3016VOUFGS4HZ
1078,A11EKN3A8FUEDC
1079,A2OPII43CSE742
1080,A36E63HV98PZWG
1081,A1THJB1ORM3U2I
1082,A3FYNZ7N6ZDVOL
1083,A2U0W4IQBWBAQW
1084,A1G5508T5XY1RS
1085,AID9ZOW2HKO35
1086,A19TDRIKW64Z6I
1087,A2BPGEU4DHZJSR
1088,A1KTFQ7F43U7RV
1089,A3CUK87U0LV5RM
1090,A1AIZOJSKXYNWD
1091,A10VA0KMZWDYS2
1092,A2J7M7FLA114KU
1093,AE3X2ZX6OLZ13
1094,APRP1LWB08YG8
1095,A16A92HECD45KG
1096,A1Z65JCT3CLNBI
1097,A4VOWYVSQOL39
1098,A3NFNQG4VUCNG4
1099,ASFQ9115QA9PP
1100,A1NWIXC6GNG2KY
1101,A1HBNCPHMW87Y0
1102,A1TGX98768Z3Y2
1103,A2T0H1GPPYBAVJ
1104,A2FSST4YJ9NODX
1105,A1QGABHVJY6L8M
1106,A38VUSBYQZCKUQ
1107,A1USIANZN0PYMO
1108,A27K5RT7VDB7BU
1109,A1KXONFPU2XQ5K
1110,A2XMZYI3B3PDHP
1111,A19H6TQ0NFXKVT
1112,A3MY0WAP1OB7F8
1113,AFIOUVKPBA7IV
1114,AQCEXDZDNVJUG
1115,A244SB4R5AVWMV
1116,A19ZJOA38B6V33
1117,A15O3ILEHFZB1A
1118,A7TG05TF1FMOR
1119,A1IMLITOE76MZC
1120,A3485U7LHQVZFM
1121,A2PXRAO5C1XTLW
1122,A25GV3H63OQHGF
1123,A2WKK2DO16AX95
1124,A19FCOXA6VVR9Z
1125,ATJTU0RLAVW2I
1126,ALG0CGEI3NV18
1127,A3R0JJANPO4ENU
1128,A2FWAYS1GIOEX4
1129,A3SNHZN9ERFO8R
1130,A2K3WCT5GZY4FN
1131,A3POE7XKUTQ1AC
1132,A25BHOP1LA4XDA
1133,AY13F581HC19A
1134,A3AAKN9BN9A3J7
1135,A17FC0RVHNBRP8
1136,A3A4U1JDHWN0I7
1137,A25RTRAPQAJBDJ
1138,A1BCDVAWQ48LEX
1139,A1NUKIAN0PKVCU
1140,A1XOO9S0ODL67C
1141,A2XYWC3VW8EOU0
1142,A16M85PZ9OVE9R
1143,A1USUT1GJPMNAN
1144,A3ELO306YV845C
1145,AF7C4BF18NJ1U
1146,AA1I1ARH33BN4
1147,A1LTK10ZAR774J
1148,A21FMXVF31CAQL
1149,A1OVX40QR93ZRK
1150,A3Q2EAAZ1I0QP8
1151,A12UKHYCFT8J5N
1152,AGY0KH2D5G9WH
1153,A2JNRQLKEF6IB7
1154,AXDR68DKS445A
1155,A2JDDUN6YNRYKU
1156,AMTWL4PKJ0RCG
1157,AMAR6CIOZUQO4
1158,A1IS1QNHOQVMG5
1159,A38Y1SIJ6T6AMF
1160,A2JRYRYTHLE4AB
1161,A2EJE82ZAPP1FM
1162,AHWVTOXGM4SZ9
1163,A1C00XXCYWEKK1
1164,A162MNFD5CGQ03
1165,A2C1DKET4P3ADD
1166,A3M8V0ZF7H1IQG
1167,A169I9NKC6INSF
1168,AY1IDZTQDM2D7
1169,A1T691B9IS7771
1170,A227UZM1I2Q1YI
1171,AXZDLFIJQEHJB
1172,A299PV3CRFH3C5
1173,A1LF1OUBDUFHLX
1174,AJZOVL5UW5392
1175,A1YFES7V545JUS
1176,A37574FXQ9AAFY
1177,A32F14G99EFQ0Y
1178,ALB2U20GGGJWU
1179,A1T9HSDEEX2XOW
1180,A2VI7SGZWA9OW1
1181,AMIZOLD3M9XIL
1182,A35GA5JPQ2YBJW
1183,ANT44VMP958BS
1184,A25M2X8KHSS2NC
1185,A371KJIZOECARJ
1186,APMXK2OIRHW78
1187,A1XSSIGIY4WGX5
1188,A2BN7KPERT09N3
1189,A31MYGQGYGVBYH
1190,A2ZMEHV9S4FXV5
1191,A1KRHIY9NDPFCD
1192,A2QXA14SNZTF65
1193,A27KAL9Z9X789R
1194,A3TGXL7MWJT80Q
1195,A216WFBI15Q4T2
1196,A1JM94NHL7GWXM
1197,A2T04D1PHW5A0H
1198,A1UG5BT0QTZSOW
1199,AD3PR76VOZNFD
1200,A386OQPREUTRMN
1201,A3F1E64IYBZQ2J
1202,AOKQRXFLXV49I
1203,ACAHJSAFWOHR8
1204,ACTJUQMDNHD43
1205,A323EWKQN7OU2Z
1206,AMTDSCA4H8ESH
1207,A2LGSB9LFRS1GX
1208,A3JD55EKK0KJKV
1209,A2J5CN7KTWNIPU
1210,A5F4APY9E03PB
1211,A32ZO9M5YM5UOD
1212,A32ALBO1JX4LD3
1213,A2HO6I66T6XQQ6
1214,A2413DMJ0TQ5ZM
1215,A2GWK5SWOQGA8H
1216,A3S7U5RXVO4BTV
1217,A2GB15SLLZT2TB
1218,A13RY3NRZ3G4B4
1219,A4HRN77HIYTG0
1220,AOL50BH014077
1221,A2S4X009TZ0C26
1222,A3RBLGLGUX1FVE
1223,A1L0MEXMESE4C4
1224,AX83LO5GUS554
1225,A3NRM51HS7GN8I
1226,A9BE6C2PCJ662
1227,A1TZ59UDCG6JFV
1228,A1OTUKRN9JEVJV
1229,A33B0A0WTULCN8
1230,A2H1U31KRK5X5L
1231,A3VGRNJVUY5GD
1232,A2KN382EO6GYZ7
1233,A19H4VK9USAPKP
1234,APN8BJB8N20JW
1235,A3IH7TF1TSF8PL
1236,A3B3DPD8GHIN0B
1237,A3L7LEJB9I7CFM
1238,A14W7Y09LG6AK
1239,AIOHY2H8ZY8I3
1240,A1JTVK3PR7BXL1
1241,AE6VVXM6YJJ3I
1242,AM2SBCHJB2WDH
1243,A1N3BKGQDMZ8ZU
1244,AB57FEP7YCJKB
1245,AU5SICRRG9BAE
1246,A461GFMIWBBS5
1247,A32B6XWNR55SRL
1248,A3JAG09Y9BNVWE
1249,A3S7LFOCI2QA1R
1250,A91FEKDWMSGGH
1251,A33YT7BJ81014N
1252,A1JGYEKQHHPP2X
1253,A1EUN9H4OCZRJH
1254,A3QXQJU8AR8PVG
1255,AZ7UYZLF6652D
1256,A1AKK3KAHTVYGL
1257,A23T8X4976NYKT
1258,A1G91CYPQP31B8
1259,A204OUFELNGY5T
1260,AALPZUTUR6HO2
1261,A3HG5694OIYC7Q
1262,AILZCBVMP5KNA
1263,A1ORYDJYMM5TI2
1264,A19AMR73PKFUOW
1265,A15UC03E7H5UEW
1266,A2E161LP86F8IM
1267,A2J0JTXQ0OUGIW
1268,A3OWMIJJB2NCDS
1269,A35RT8V7FX3PRW
1270,A1P2X2PHSY6S9K
1271,A30NQLJ0I6Y3AL
1272,A1NXK0KBN5CZHZ
1273,AT3MJ26M4E7CN
1274,A3HYYLJGBMW5HD
1275,A3H150XFJ7S4KE
1276,A3TDYK3QJB6YMN
1277,A1QSBRR1IFFSD0
1278,A2UGZCGCYPBMNA
1279,A2U8PSXMV3FMS8
1280,A1GC7J2UJ6X3X5
1281,A35C8VC6BS3MUF
1282,A1ZTY9MZL7SJD3
1283,ATCDEYSUVPIS8
1284,A37ALZ4LXO082G
1285,AGQIMUOSQ65JB
1286,A22WKGAIO762EH
1287,A2MQSUVR09I2T7
1288,AAJUZR5MRIL6G
1289,A23B7HRDNUT8Y9
1290,A1CU6FTKLKS7EJ
1291,A2ZJVZCJ2L4RJ7
1292,AKRO3T0Z5JXJL
1293,A309SKO1ELS32B
1294,A2WVA96DOM2VLN
1295,A3TAYPZLKBRTV8
1296,A5J0C0XB4DW6B
1297,A2OWS5IIFW5DTO
1298,A25TFFG40XB47F
1299,AXHXXKPHIIX52
1300,A3RED3KUGRD9I4
1301,A16Z1PGQG2VG06
1302,A3EEUNY8NQX4Z3
1303,A2P3ETZH2I0D6T
1304,A3CUJY7GTQV2B9
1305,A25QXUKICQC047
1306,A1K775TKUNZL43
1307,A1DTMC1668FIDQ
1308,A2YL4R66S69HRR
1309,A3LDPF5FMB782Z
1310,A31PGMNHHNTAJC
1311,A1C44IUJIM4ZQW
1312,A9HYSJ3D0D6I2
1313,A2D0Z73FFWO81U
1314,A3EOHF2YSVZA9L
1315,A36QJUI4G5BXQ5
1316,ASH6NHZ1Z2O51
1317,A3R2US71Y3CV9R
1318,A3VW9L6XJHNQ5Z
1319,A3FHDRV5NQAIX6
1320,A1KFY8MKQGJINV
1321,A1A5KUIIIHFF4U
1322,A3NDU0MZYJ46IS
1323,A2NTDIUAJ69Z0S
1324,A3RDBQ5SFCBJCS
1325,A23I4XO67QNLR1
1326,A223MRTJ2NPK2K
1327,A35WK8K8W5XVJK
1328,A2UL4M5SXL7L0A
1329,A22V6M8WWYE6AR
1330,A3X4HP16UB4IF
1331,A3OBYP8XRDROHE
1332,AV2XSTX7D7E6C
1333,A2HCMKTJDND6PO
1334,A2XIOXRRYX0KZY
1335,A3789LBI0YRTAC
1336,A26JTRTPBP1HM0
1337,ATTFXCRZ1H4OE
1338,A2SG8FNJ32V4D8
1339,A22MBP2WDYM0N4
1340,A135W7Q0FFATMU
1341,A3N5O2O6G1YN9F
1342,ALZLNPRGIE471
1343,A1EP99CSN9MQ63
1344,A33789N6ABDDMY
1345,A1S2BTVDZV4PYD
1346,A3J2XM903G7VW9
1347,A2P37DMU9U1LIM
1348,A2B082GZNO903U
1349,A1MAR88NK5LRLG
1350,A34WO5SMXCZVR4
1351,A2WI39Z73DBX1B
1352,A1HLEJA9NGG4O4
1353,A2CK3I4925FV8W
1354,A1ZGVTHOLLBWLB
1355,A2S5CL45RSDXPC
1356,A1UQ48YVAQ6BG0
1357,A1THAS99Q4UIRZ
1358,A12F6005KZKKFJ
1359,A1M21MWR9Q7LH3
1360,A24CSFZLZWQCKQ
1361,A18K03R8D5ZVHZ
1362,A2TTLTI9NMFKER
1363,A1HXK6RCMLOLXS
1364,A2A27JVDMK0NNL
1365,AU4XBHCLBYSXI
1366,APR3ZRKQK0NB5
1367,A31EM2II07B8X6
1368,A2K4IDHREI1GLM
1369,A2FHM5FB0BXKGA
1370,A26AY8M7VU463O
1371,A22IA58NFO6C7C
1372,A1113RSXZFKGMY
1373,A2749BTS2KRMVH
1374,A121SCQ0SV8L0P
1375,A3UUOSIUEOA0G1
1376,A8JLIZ8ORW85M
1377,A13LMHZS94C3DY
1378,AQI0FMST042MT
1379,A1G9SOE51HET8E
1380,A6VFSC0BW75Y0
1381,A1KTH7TLPGRRQN
1382,A2LK476A1UDRDK
1383,A1XCNW6XNRHZY4
1384,ADZQKNV2D2R7L
1385,A1L74RP1NNZD3S
1386,A1LUSV3HHAEOMU
1387,A35G3Z1R2A9FP
1388,AQNEQQ96MKX3Y
1389,AHHN8N4ZUAPXA
1390,A2HZ9MJ1CW6GJM
1391,A1SQOEKFCAHY8I
1392,A3TBX9MQL2V4PA
1393,A14GXYBFNDBLX4
1394,A2ZS5PK7DZ58FO
1395,A305D1W0GUT2MO
1396,A2463MBNOO2G3R
1397,ABI9JK44R6G9Q
1398,A3SL60WWXFOFLC
1399,A3GN3YF8UF7XWO
1400,AJ7ZOVU9YIKN2
1401,A16EPG5DODBE8G
1402,AZ52LG63GEJEK
1403,A1F562K3YSDQB9
1404,AD2F67ICNR023
1405,A1HFN1DYB17QDC
1406,A2O5TD6RNKV360
1407,A2QUAWFDFCR054
1408,A28CX60AOX3S4B
1409,AKD4WRF2ZE2IH
1410,AO6IXF7J8IWZN
1411,A40DG6B2VJXX6
1412,A35YEIME4A8MUQ
1413,AA36DB7PNNJP2
1414,A2Q3BW3177V542
1415,AHU88DJO03XZ7
1416,ATFHWCJHPXULR
1417,AHEP4N0XIJR1K
1418,AR08L3ODGJTLC
1419,AJ0R8AX9FETYG
1420,A2BD5KVPI6CSPU
1421,AJ8442MRRYE7Y
1422,A37OF9GLN7ROJE
1423,A3G6J56PPXHDLB
1424,A2KQS56WCGQL5W
1425,A1QIWG08P3AE72
1426,A2KVFXFIFCJURI
1427,A3K1WN529ZV5HB
1428,A1YGBPQHWPBI4V
1429,A34AU4VRTYNZVI
1430,A1ES2Z4ZX6IWBK
1431,A2063S0QXYH25L
1432,A1TCCGVDJV9XAV
1433,A3QI0L5IP77DNZ
1434,AH9FCFS4PCUVE
1435,A1ACOHCWUB5KQ7
1436,A336QPTTKQD8RT
1437,A2OT17HDAAHE3W
1438,A1DYBL0J960AZ3
1439,A3UHU5EYXTEWH8
1440,A1HKHX9E58OSLX
1441,A1Z2TU4WMDMYWN
1442,A2YIUXJ9AVMSKU
1443,A2639BF5P3WJS0
1444,A34FYQMUUSEZ63
1445,A1WRXACOKPITBQ
1446,A28P9QUZA7CK8A
1447,A14UJT1OS41L2L
1448,A3A8V3Z7LJKJJQ
1449,A17PKBT50DG6IC
1450,AW3LX47IHPFRL
1451,AZ8N3EQG6NC4X
1452,A31U0ZQTNIQTHY
1453,A3IXHEJ00IG4D4
1454,A2C2206X7WV1Q1
1455,A1E3OB6QMBKRYZ
1456,A343Y6JLIXAEAH
1457,AUKNZLS417IMB
1458,A3ODENXA668OR
1459,A2QZ0KESHXQZNC
1460,A2Z0MLIH040PQX
1461,AEOGQGQZ0SMLQ
1462,A1E5L1BTBZEST1
1463,A39684IXREX30J
1464,A1SXQTI1ZXGYXG
1465,AZQQVI9RHJYH6
1466,A1T71OPBURZI63
1467,A2WNWRLY8IRMGD
1468,AUIKFDROD5EIE
1469,A3URMQVGOZA20B
1470,A1JN8Z275SS3MQ
1471,A2CLEYZ9KM9VML
1472,A83240M845U6T
1473,AZ294485X0UCS
1474,A1HR5UTQTMJP79
1475,A1K4CJ9SVDG0S0
1476,A3KSS6WBTO7H0X
1477,AEPHHBICQ2W2M
1478,A1K4H0D2FLQHL2
1479,AP4YPAXC7YZL3
1480,A2M3CK3QSX72O0
1481,A3OYMK6UMM871F
1482,A1U25CO184VS8I
1483,AJIHWX6ITBI9G
1484,A19N3S7CBSU6O7
1485,A107I2HYD2JZ5G
1486,A1Q0GZFOZ9VAF5
1487,A19SNJRL7C0SYU
1488,A154290YYMKY14
1489,A1BZ18U2EF4FAI
1490,A1S7ZYV8AP9QUF
1491,A7YI49J8WC8XL
1492,A3AEIMHQC4AZW1
1493,A1GBJM1MCWSGFQ
1494,A16P35YRY7M45W
1495,A3KCPUGG7G11BJ
1496,A4G4HWKGH4HU4
1497,A1N7GVGLTV5NJ7
1498,A13GAPDNJFGKMR
1499,AD4XKDR0MD7JO
1500,AHFJQOHGJRK84
1501,A2GRGE4NZMJL6O
1502,A1QMBKZKN9BFQF
1503,AOHQVDAGYMV6J
1504,A14MH79OV61SR3
1505,A8F3XK1F0LQQG
1506,A2MW4LD6M5AI8D
1507,A3BMER3FF2Z3D3
1508,A2420BEDO9LJGW
1509,A1ZJF8YB4LZ356
1510,A2QYH0JNDSB7CT
1511,A3CQXG3MQ73VLT
1512,A2C9GLBECXO7LY
1513,A2MGY1CIIUUDIB
1514,A1R0ZOYR1ZCH6K
1515,AR1TDNU2ZUGM1
1516,A78Z5V6JIB20X
1517,A2PQZH1SJGRV4Y
1518,A3AEPP8CTJBXIU
1519,A3MTS5CEYODQFU
1520,A3LNPD5UWMBQJP
1521,A10UOP8HQMY7GX
1522,A2DN13HKY0A58L
1523,A2ENZ4FESUXXMT
1524,A2ILMCJBXWF5TS
1525,AE8FR7ABTUCM7
1526,A2E36XULD26LOK
1527,A3PIPAS3M7YLQC
1528,A1MQKTV7CQXTWS
1529,A2RWGZD24R9JK0
1530,A2HRVC01HFMGA3
1531,A1D0BCHOF42G8K
1532,ASPN95ORQQDS0
1533,A34A5U9FDI1C4Z
1534,AUUTWI1Y309K8
1535,A3RTW7A302AKQM
1536,A33Q9BKDMTGDQ2
1537,AW3KFYL19VZPL
1538,A3946L5N554V7C
1539,A1V0VUNM61I0PT
1540,A1PIKSH08G8F0E
1541,A2BLA7WV1PHP9W
1542,A25RXNP7Z2TOKS
1543,A24FWCMHHS50RF
1544,A35AM2F6K2IJFA
1545,A2D3WIS7V7U9D9
1546,AVBCA0C2J4TQF
1547,A23GVU6ZMNS225
1548,A3DD2ECNJ3ATB8
1549,A1I0MV8SWXSWDQ
1550,AL2XB3XNNUV9J
1551,AFAVGGOEGGYQ
1552,A1089S59XSJT2T
1553,A1VMM5Z5UNEGXD
1554,AQVOC00DZTET0
1555,A3LEANXMJGALUQ
1556,A2M82BBTXB65RI
1557,A148XEF07H2O8X
1558,A3VCAHFWE6VMK0
1559,A35UAKZKNHSHD6
1560,AF4OKW0P7IWSJ
1561,A8FIHOZ4F7ZSF
1562,AOLPY5S8KXNWH
1563,A3DZD3MI8T17OW
1564,AZ5K5CVZRSN5T
1565,A33OBVDZ5WD06Q
1566,A2OFXFCY3GDOP1
1567,A28UTOTNNHNE7P
1568,AIMYT3Y8VBK8C
1569,A3D0ASKFF6EUF7
1570,A21GNE44H4TF1U
1571,A1SW16VKUEX39T
1572,A2R5E3GZLAD00O
1573,A2HQFD8PTV6RQ6
1574,A277UIVXDNJBQY
1575,A37LTD1BOMH1IK
1576,A3BLNNGM4L1G2
1577,A17P2AR4GGGPP1
1578,A3U97QF29KHLJQ
1579,A3JW62NUB8N2ML
1580,A33T8YWNPXGXV5
1581,A3HMF1PQFM40MP
1582,A1A92O8IVVHW3Q
1583,AR1K8G3CGD1QI
1584,A28ZON2GCK6Y3X
1585,A2ZEY7SOYTUC7E
1586,A2009MTFH7DOZW
1587,AN64MG0PEGE8X
1588,AIOTDOKSZGIRM
1589,AWGPAYUYPG84L
1590,A35FTKYO9UQZWF
1591,A2H3HEVGSEURNL
1592,AO8AQDUJ423BZ
1593,A10T4K3FUXNDRU
1594,AU21UCWJE8ILY
1595,A2JII0BVKHVWPQ
1596,A35Z2JYPTJA1Z6
1597,A35SB5XA89HR41
1598,A35HG2KSMDHCZN
1599,A3CUIHZP8KTMLG
1600,A1U539TX7OHDH2
1601,A13SOG0UHIO13K
1602,A3W4UV6IFQVAKV
1603,A34OHUSQ46C27S
1604,A1GXOJYENYFP6W
1605,ARMYCTNFKFGX8
1606,A10VA2FBKWP7A6
1607,ASUTI8X39OEF6
1608,A2RE0O7KSG210
1609,A3RACR4ZBEJWIP
1610,A26JTBE56C0473
1611,A1J30XARFY6XQJ
1612,A1BN36SAWCLCIK
1613,ARVRDPTME5VCG
1614,A2KQ2LJ8UWQX03
1615,A35JCASWZL0XBH
1616,A3AQYCBRBHSV8L
1617,A1STU2ZEU2TG5I
1618,A35EC54TIQQN01
1619,AOYQ0ZY1YRUBV
1620,A2P9QAQ78P07CR
1621,AE4YK5UFHWBDH
1622,A3TDR53S5IU3I1
1623,A1SR7D8UJ0KV0W
1624,A36Z1OLH6B0C2I
1625,A2YJHIX6674515
1626,A2K17ORNXIZZ9R
1627,A2BR80J5RIUIN0
1628,A28OZBLQKKYGOR
1629,ADWF1FS6M4W0J
1630,A3KCM7KUASIZHR
1631,A2K0JL9L38MK8L
1632,ASHQ1JCA241D6
1633,A2J66GBDIKO1HW
1634,APU9A37MX6Q70
1635,A39LEEC211P155
1636,ACBFQL1QQX9H0
1637,A1RTI1N7BNOB66
1638,A21B8AV7E3MPXE
1639,A256XJUEHO5K2M
1640,A66XABTCWKWI3
1641,A1S2M6SA4OAUNK
1642,AO84V5QJ6K23Z
1643,A1889S56VFLVMZ
1644,A3C7D2U4YA3FKL
1645,A1YG4DSE4495Y
1646,A15FDRHUDT1OII
1647,A3H83ZLVQC2RD8
1648,A1BNL6HCVVEDN0
1649,A2CQV2374HBWK8
1650,A3BEVLI33Q0ZF4
1651,A1B6WHCBJSNO6J
1652,A1KW4AGRCOIWI2
1653,A1W92X1R9QNM2C
1654,A2OR79ZBG3JQVP
1655,AA80U0M7LWD0L
1656,A1UO8RWLA6ACQS
1657,A099626739FNCRNHIKBCG
1658,AJH44VRJAORDZ
1659,A3S58J9HNVKP32
1660,A2YTEOZZCNG2GE
1661,A37CAP7XIB67LH
1662,A2TWFQ6M66TSUV
1663,A2WFBRX9R0D84U
1664,A2TXDOQ8A5ENHK
1665,A9GM8LMGWNWSR
1666,ATLWPU9UHIT0A
1667,A10H764JFYKJ
1668,A2B299W02UMQ1M
1669,A3HOZQK2NQMJW4
1670,A155NKCOMUSDCJ
1671,A383SB390QSLFW
1672,A2QGHWDNJA9YT0
1673,A37TVXY7IEZ6E0
1674,A2NYHXSYSAKGI9
1675,A3IX3M3SMKORSJ
1676,AC5B0897JHRC
1677,A2O0XJJCW1SH4A
1678,A3OSXWD030B9EO
1679,A36EUPUXXGE6NV
1680,A2ZS3M8ZNFN7GA
1681,A1YF593QE7E7I8
1682,A1ZNU3IEK36YPV
1683,A191AL04HIBY2D
1684,A2AWWMTCENHUS4
1685,A3AF0OH0EWX5RX
1686,AZZMV5VT9W7Y8
1687,A3SXTR5Z7C1CSO
1688,ATF9GIT9E3X5S
1689,A1A0DUC0MTZJR0
1690,A3HBUAQY6SZI5Z
1691,A2MY0PHV4B3WP2
1692,A3ETIHAIKTFUMI
1693,A3NS3XXZCQ5ATQ
1694,AFF1CSM6T9EAR
1695,A3AMG5K4VMJUAI
1696,AL1SDTRO3QDCT
1697,A3BA1U1VA6UVBO
1698,A3FU30EXOFGGLS
1699,A1I3MJJSS3H9RR
1700,AON73B6DVAE0I
1701,ARUJMHCVUC0KY
1702,A2I9FGQXFX4OVW
1703,A3LU2B4AC41Z5M
1704,A39977WSOIUUM
1705,AG7O531AAY3NX
1706,ADOI9MCYEHV36
1707,APP6SU3TOEI7A
1708,A9692QW5SWG0H
1709,A2YFWU52P5Z0RF
1710,A3PDGWYC08DXF4
1711,A2QAON82GWJ8C2
1712,AFF66JWHZ1WHA
1713,A1U4J2HT3P8GZM
1714,AFS0M7QYNFBJ8
1715,AZQOWHUHXMIMS
1716,A1RX0PONTT2ZL7
1717,A3T3VLXV1A7CP9
1718,A2V6ZN9YU9ND9L
1719,A1UXHIWQY1I6NP
1720,A2WWBWN4GTCW7Y
1721,A3E2SQ61RG4KPF
1722,A2PW3UHLJHDO8
1723,A37JOONBIY5POU
1724,A39FX5FTFK8LK8
1725,AFL22A1C9J7OA
1726,AKDHLAXR2XQ3H
1727,A10NKN19P7TPWA
1728,AD6CFKD56Q6X5
1729,A1R9D5Y4DWYVYL
1730,A1FIR4LBQA39YR
1731,AOMQZAS76F3V3
1732,A3KK1FQY1ZY9GM
1733,A1X1QOKHU1RGNR
1734,A2USJ3U5OP34N
1735,A29XPB4YTMCH7N
1736,A3NNF0HBAYEJ6N
1737,A2WGHNYAHJ7O4T
1738,A2O3LOTH5DELMI
1739,A3KOA0YU5LB92W
1740,A15KCEKCUCYF0O
1741,A3VT2YV8AXE1ZP
1742,A3785JWYV8W7SL
1743,AHAW6FFH93KGE
1744,A1YUCZ88MOTMB3
1745,A3JOGUHYHZV8LD
1746,A2W03RIHY0MOX2
1747,A3MT70AKRAQ5DO
1748,A1JD4QKA74I97P
1749,A2U4EGQ83SQUSI
1750,A7GSMYYD2VLNU
1751,A3K2PZTHQ1ISUR
1752,AIFKO7AOEY0FF
1753,AERBOJC9UCV66
1754,ATCRAH93GN2NU
1755,A2Z9F2OKNMRJVD
1756,A2R2KK8IF2JDJT
1757,A1NKBTWL7VUU34
1758,A1TX2BLQ6DK9KM
1759,A2D5K3C373CTUG
1760,A3JWMA8CUGYFJY
1761,A1FZ7HBC0J06ZW
1762,A37XY4AH97Z8MH
1763,AQTVUPDNAQ88G
1764,A2WEPBPVYE04UM
1765,A39QNMGPRGWOEG
1766,A18S2VGUH9SCV5
1767,A3LZQZMCIZDXK3
1768,A3IY5Q5170K7L3
1769,A17107L7KX4MNX
1770,ACMKJIW7FKAR5
1771,A3L9OGN8P3W9Z0
1772,A3DM8NDY4EIUP1
1773,AR9M6ADI1BMJ9
1774,A203MDQBABOQNS
1775,A3AQ5F7I4JGPW6
1776,A10WAMBFRBBTRH
1777,A28LH4XWQ883GF
1778,A1ILHGN4PPX5L3
1779,A2GYMUY1KVPYG8
1780,AVVI3TH9AG6EF
1781,A22QT5VRYAJAYE
1782,A1MZVETF38AMZ6
1783,A2PZ9IQI5ZSVEC
1784,A2SJACTFQ4F57
1785,AOUXM20KZ0VPR
1786,ACLP38OQU1XBJ
1787,A32DU7K2MPN9WF
1788,A1EEBYBLZSX893
1789,ACPB6HD9U1QB1
1790,A31SW1AD08JPSH
1791,A3LWS5AO0EC93V
1792,A3GL447LZIS1C4
1793,AQ1Q5FOQNUQM8
1794,A3ADJ00F29DU5I
1795,AU7YDEXT5YF8X
1796,A1XDGPF9LSITIA
1797,AL2D74BQ8V0FT
1798,A3HIWA382MJMZU
1799,ARYMC1MBLCMI6
1800,A1J6KN07O81UMV
1801,AKRE7ZFG0DUZW
1802,A1AS0NU2ZBW8PN
1803,A1V1JXSVFAEFBK
1804,A1V6DPR8VTB6VJ
1805,A2IK5WQOTXW4DL
1806,A1ANKVMI9O05DF
1807,A1OQMSAUD5S25L
1808,A1BNFI2VIWNKQ9
1809,A925GTXDP9QXU
1810,A3BF0IIHLU7TSK
1811,AX7P06CV1IDV0
1812,ATIUAYR5OH72U
1813,A1H8I2PH00UQ2K
1814,A1NZYQ9R9RJS7B
1815,A2DWX3LCX7USSE
1816,A2PL8FCZ88PRBY
1817,A253KVKT9AT97C
1818,A1F20FMMDSHCV1
1819,A11HN0H7QCX6RQ
1820,A38QD5TZ5G30NI
1821,AB6NC94273RQX
1822,AIZLIOZTA722V
1823,ASBRMM24OTGNE
1824,A2LJV2DIW1220H
1825,A2IL3E3X9XM9O5
1826,A3OOPCUF8TQE1R
1827,A3HW4KT09ZSSD0
1828,AES2AZFVTXKBZ
1829,A34NOWIZ9Z5MZZ
1830,A1IK1ZTDHJS6WW
1831,A1610JAWFB70N5
1832,AQGUDK0MSQ95L
1833,A1SNHYX5PKMFCA
1834,A2Z7NVK6HRVG6A
1835,A2XS4FA5WGO5KR
1836,A21J7TC00MICKM
1837,A2Y2I1ZMCPTJWQ
1838,A2V24K8UWPPDSB
1839,A3PZ2UAB40SBXL
1840,A1HZWHI3JLGZ5N
1841,ACGC5PM64LQ8Y
1842,A22M8JKEMEW4BI
1843,A1UCU8JD7GX5EX
1844,A32U6WJUJLGUCV
1845,A1MYO26LV8X7JI
1846,A3VC7DFTNM2FKK
1847,AT904NZCHRU9L
1848,A1QA3JR0OMAXME
1849,A1NZH03BZTSPS2
1850,A2QSOMBLRKFYKZ
1851,A2WJ4CTJ763IEQ
1852,A3BKPD87T1SJ1X
1853,AC8WXA642LUCJ
1854,A39K7R4Y1ZD5SZ
1855,A331UWXNPZ59T8
1856,A84O215CIZY6W
1857,A21LBXNT363YAA
1858,A2G2DM1PW9MM1O
1859,A3T3NSTR200C6I
1860,AL8778UW6G7L6
1861,A1EZJSN08SOB5L
1862,A1XY86U23W6LQ
1863,AMDB1P0KZJKNF
1864,AMD4FC5M30SNV
1865,A3UD4PXZR50LJ4
1866,AJQRYTPV3JK3C
1867,A1QPUBF6U5EQM6
1868,A2PMGWO0LG8JY
1869,AQBGIZ9JLVJVF
1870,A5G9F61T1JSU8
1871,A1M6FE68HVMTK4
1872,AM5ONRMISKR3W
1873,A89ZZKNDFQH23
1874,A1SHK7D1XG7RIY
1875,A34UCP9NIG0I9T
1876,A3A6GTXXY09ZPL
1877,A2Z3MMBWUB703C
1878,A1LHCUV1YEFCDV
1879,A1I0MH28TROVUJ
1880,A2675729FPRP5V
1881,A10ZXDANDTZZYP
1882,A28MT6UWXNPW8P
1883,A2DZFND8F72LJW
1884,A3TCLVOY1IIC28
1885,A2Q59FNQRO3UND
1886,A1JW7JCI80TMZK
1887,A2G0NKU2J3LPNS
1888,A2OKCS5234ZV7S
1889,A3IROM8JD6KAVG
1890,APWLM3HOWBDBE
1891,AI09WWRK2VTHN
1892,A11MVLEIL8ZT3G
1893,A3QYSDHZTMCL8E
1894,AQIYMF4X90D8E
1895,AYOKRAK8MOQXB
1896,A1CUCF36AV4W9L
1897,A3F3VH3NTD3H2Y
1898,AEKPKY70JMOMZ
1899,A1TRMLDUKEMT9V
1900,ARMYT82M9M8AJ
1901,A27NW21CEL40G0
1902,A1U7E3GB0MKLDC
1903,A3TLPJWSLF2EJL
1904,A31CR1WOVCML1Y
1905,A1BOSP0PP369UP
1906,AUWG3HK4IAG92
1907,A3UCF82XIPJME2
1908,A3OEKYU0C8ZXAO
1909,A3GTBDKULX6M5E
1910,A24DXRSB61U37K
1911,A3M75NJADP5SXE
1912,A2Z8B480D9XGIP
1913,A1J2ODREE6T9QS
1914,A9J3LMY955WKJ
1915,AS5MBP7VPQF5R
1916,A48J4ZBYH58ZI
1917,A2YQN0Z573XRC1
1918,AFQEMGLY2RFGH
1919,AP7O3ZZIFWVAS
1920,A23CKO9CFCVRPJ
1921,AV90JD8C9IUD0
1922,A2DFYA5BEIAJKX
1923,AY2DOF31KJHLK
1924,A3ZCIEUX68DEZ
1925,A1WKUY7T0EM0GM
1926,A4SPPOE9HOMTA
1927,A3P4S8P6YN4LKV
1928,A2JWDEMXQ8SQTI
1929,A1HDUJCILHK072
1930,A3IJRI9KTXVVMH
1931,A1B8O4HRL8EDY2
1932,A101DJDPGK0Q46
1933,A23ZWJ9CS8OG30
1934,A3H2Y7A8FPNDBM
1935,A2XYQ7HIU3Q63
1936,A17D8NMRY062YV
1937,AOY9SZTMNQWAW
1938,A3HBMGQMJF8ILZ
1939,A1TIHG7XJ4I94
1940,A1U8W9I5RBTKQV
1941,A237NCHQXTEHHB
1942,A2KKOYSBBA8BLE
1943,A2EQZ0IA5BUOKY
1944,A3RL6OKFV0JRDP
1945,A28JEJIO9SJFSK
1946,A3DMB52EFM59Q0
1947,A1S71JIN40YHXK
1948,AE77TDSCJVAO2
1949,A21ADD58683202
1950,A3A9N38HSPZ7YC
1951,A3OX2ZKEHYM1Y6
1952,A3FV80G5TGF2YN
1953,A1JR07OWH0XA5Z
1954,AXAG5IY4ALJS5
1955,A38A6KT0S0CFWB
1956,A3O0HWQUC20HU7
1957,A19PN15YXJQFAK
1958,A2Q5OH3DGQGMXD
1959,A197MNRHT8VT6J
1960,A3BYE47CT1VF3N
1961,A1PEFK6SSTM02G
1962,A1EWTH5ITFJDA1
1963,A20Y7REXQZ1REW
1964,A3TXIBKJBNPKX4
1965,A3PN767U54LA5U
1966,A2EJPGQV89WOTD
1967,A1JXHJZIDT0ETT
1968,A3GEO948EDZ3WP
1969,A11R8LA8S29D6G
1970,A27F140Q64IJ7Q
1971,AMGGZCWY3VNZC
1972,A9TN8BXKWBU2P
1973,A3IKH93QDEOB1P
1974,A1K4G5YJDJQI6Q
1975,A2KKTAKUWIEXC6
1976,A2GBY6JKI7TFBX
1977,A1PPS91NLI7KEH
1978,A2DDUG6FM8ZS6G
1979,A23JYBX1Q54LB1
1980,A3U44FXGVKXDKE
1981,A3TF6A1YMYJQ9U
1982,A3R0EG4ZT858W7
1983,A15BPPSTV8F5PV
1984,A2MEY6KX8RV90N
1985,A3AE7K00NNS2K4
1986,A16CG6X7PJVTXP
1987,A2D4GWXQOGXLQD
1988,A2VAT4WE4EOMPO
1989,A2UHIN9H9DDZMX
1990,A10BOETDPAFJ4C
1991,A3E1G41Z5SP55A
1992,A3MZ1AGRR4BKUD
1993,A2WYNO0T7AD2KZ
1994,A3JZ898Q8XXL6K
1995,A23C0R77ZP9Z84
1996,A2JX7RNVFSR4BN
1997,A1QHBPGJJB3X4F
1998,A2BGSZL3EOJNC7
1999,A1FNHDWSN2KA0G
2000,A32UXBKVKAVCS5
2001,A3GKPMZ5O4Q9EV
2002,AA2SVPVU0LQTK
2003,A2QV5RB6AZRN4Y
2004,A2DN4ZHLUD49U0
2005,A39MGAXU3UNELM
2006,A16LWC9033XR7W
2007,A3UE9E2TQ7F912
2008,A2RFNIOYR9YO69
2009,A3C3YEFSJ78TLV
2010,A2ZSUW1XCR02YY
2011,A37E5KVAKOZFVS
2012,AGCH14JUICTCM
2013,AB7FYKO0TTDNA
2014,A2H89CYOQT1RMI
2015,A2EPLR3QULKLBB
2016,A39IV23M6S8YAK
2017,A2YJ13OQZ6ZI5W
2018,A2OT6EBBZ0HKW1
2019,A3ROMM3ZX53UHA
2020,A154Q8G3EXQ0Y0
2021,A1YOR46K73484L
2022,A1E596DNI14490
2023,A23EN1JWF1RQ1N
2024,A2G7H04G07R2RT
2025,A2EZSL1ZLKKIKW
2026,A2P2A6778DXMOO
2027,A1KO2YC24JPDNC
2028,A1A3PR3Z2BO8KH
2029,A1AERE1MZMGA7F
2030,A4YAXWNMWYY0K
2031,AJV85Y45CQ42R
2032,A1VPM4H8KKBTG
2033,A345YJA93MV4E1
2034,A13VF2IKG8W3K8
2035,A4ABNXMETDFGW
2036,A3E6XVY0MM9OHG
2037,AD4U8UZV0JJNS
2038,A16HUZR41EWLNF
2039,A1B5Z5OG2NPFDT
2040,AJBCZWKG2CV1D
2041,ADX81OJF8C5CF
2042,A2VDVWA2TYAS4J
2043,A3JNLLJNREA367
2044,A3L480V4GK0B0T
2045,A39DQIQ1GO2J4Y
2046,A3N5630QP9J06Q
2047,A3KFIMCP87VH4U
2048,ADWVZ7NJOLF4A
2049,A3CMBXCF28QXEL
2050,A9WE4IBK389QC
2051,A3VBYX9RNZA9ZY
2052,A1UGTCJF2C6K0C
2053,A3INI5Z5O4TIXX
2054,A195ND08U5BAXT
2055,A2GP6XJ1V3MM3L
2056,A1GHZFYE83R2GA
2057,A2ASGMM5JWKQ1G
2058,A1BOQ2YJYRNCEZ
2059,A1ININ6XL8RUOD
2060,A3H3S45QSVHSB2
2061,A25NVL9GKY1TAJ
2062,APW9XGDUI1037
2063,A3UNGV1J26QVPE
2064,ACQYXCA9H0DQL
2065,A2XNOB1T796Y6B
2066,A8NOWNJBEKN8F
2067,A1R4I72MWUNOBK
2068,A2ZR3YTMEEIIZ4
2069,ARW6TM5P7PRPJ
2070,AUSU4ZLP9FRZF
2071,A3LJYCUO12B9TZ
2072,A3UT7BFO55QYVR
2073,A2D093O3WDN26O
2074,A102RLOGIBBDMW
2075,A29Z8SSLF1Z3IA
2076,A3I9V8LG80FL0Q
2077,A1N63K8FHO3AML
2078,A1524CMD11U8IM
2079,A2CUUAVY6HAHYQ
2080,A2Q9AZ94DNOY4K
2081,ATOH26AFG0UAL
2082,ADDWJHF7YQYPN
2083,A3JOOYCWEGBZ4C
2084,A2FQOUKSINTF3H
2085,A3J06KYNVP9I00
2086,A2WJWE751Y8LLA
2087,A24SCH81NLQW9A
2088,A1FRNK3L7L1G79
2089,AUGYYW59SEN5
2090,A14V6S80ASU1OX
2091,A2O0FZO2SW534E
2092,A2YM85TO0H2JET
2093,A2HUDGCZ2HWAYA
2094,AEVAKA8SBWCLN
2095,A2NMY5UF624JGE
2096,A3D1WD41DOVMO2
2097,AKQXDZXI3J9
2098,A2VW6E1M1JP8JI
2099,A3PQWSFEETAET4
2100,A6K6N2LXDS32B
2101,A3W57K8Z1UPR8M
2102,AV3YLTT1V6L5V
2103,A2BI6VIUCOC6R1
2104,A3DA0D06Y4W5VG
2105,A2H8RCLLT8F92C
2106,A1B8S7VWK6ZFRB
2107,A3CUY6K0LWTFX8
2108,A1MCFC8BXNAWO
2109,A1M895USBLKJ0A
2110,AVXCWZP85ZOU1
2111,AEYGX6L1KJQX
2112,AH4M8DO5EYGRS
2113,A2NCAXX6Z5REP5
2114,A1ZZN6COPRA7QA
2115,A1D7WIEJ7MSAJH
2116,AY85AK0XUGYYP
2117,ANR0DW93W06R5
2118,A36V8NDDRZYRYO
2119,A2GOA36FXVH4Y7
2120,A3AI8CNPPQAT38
2121,A37GL5NZOASLOX
2122,A2QAV79YN6FV3A
2123,AZV9WA9MNT0FB
2124,A3S1YIQQW7AZO
2125,AH6FQW533AKF1
2126,A1YGB3TA5CU5W8
2127,A2PSBXHPJIXJ6J
2128,AXGS6XWH8CSSA
2129,A1WBVTUUJ5OSOX
2130,AN4QYUNUH6UW5
2131,A3FRF7VQOR28S0
2132,ASDEYBRH10TFF
2133,A1NZCY7QZ8117T
2134,A165L3HZLWKN8K
2135,AAQDL02XWY1GJ
2136,A3QMCI8K2A99E4
2137,A1JAQM73RYX8WQ
2138,A37SZMDIA9D0B2
2139,A2S6OWUS3XF29Z
2140,AUBJ3QG98DGW9
2141,A1OQSMIATYAWVK
2142,A2YF1SC3GU89EP
2143,A8BADJY8RYC8P
2144,A2E5JL99T6RFBU
2145,A5JLAU2ARJ0BO
2146,A2PXBVFWJV9S3
2147,A1XG38WOY3LY4V
2148,ANSB7OILD0L3C
2149,A2YIYCI6ZPNYZM
2150,A2UGCTTQKIVX9H
2151,A30HW2P2FSJCF3
2152,A209ZISSN2NZ7
2153,A3S5GTVZ55X6NC
2154,ANLTHUP7BM3QC
2155,A1BY1TR7A79YI1
2156,A3JYMITCYHCPBQ
2157,A35NPFT87OKN8E
2158,A1ZHLYH9TSEWZH
2159,A1HV54JNKGX82G
2160,A2UZ98UZ06M00B
2161,A1P0T2LT65ENSE
2162,A2DIPVQAX7SN18
2163,A2OLHQOEK1KIJP
2164,A1X2PVXLTM61RM
2165,A2A1CFL4A83Q20
2166,A9B6FXIJNA64T
2167,AYQQLQNWE7M7
2168,A24VQ2P3DS2V1K
2169,A3KTQVAKAX4JTK
2170,A2X5ELC3F4SBIJ
2171,A3V68ZMKUBKJGN
2172,A6L2WUINA0JME
2173,A7FSNBG84RN3R
2174,A6JEVJCN12Z44
2175,A2F9ZAWHK3E9W2
2176,AIROA6HRSN4VL
2177,AF6JVVPGQ4T54
2178,ALJCWHDYBHGSK
2179,A2TVO16MGJ1ERD
2180,A14U56DOUCHM5J
2181,A1H97HIEDKINV2
2182,A6O19PVPF8YDM
2183,A2NMKXOB5IRLBQ
2184,A2RCB43J3ZBN6R
2185,A3TFLI11T4K9AK
2186,A1AGZ7BANH8BR9
2187,AKL2W5TO7RLSX
2188,A326VH8IUJ7JSV
2189,A3BXKBFCUJMQZT
2190,A2XDTOKIYGAKYX
2191,A14PXT6XGUO0C0
2192,A1LQQVMP2JLWV6
2193,A3LO2ZLWERN1N1
2194,A2QQMC8UM4TU5R
2195,A2D0AM9X7LRHND
2196,A8F2AZWB20X1H
2197,A16723ZETJAWIS
2198,A2NBI4TQTKXYO0
2199,A1NODJ8HVBL840
2200,AVNUON4RBG2XF
2201,A1I68HGX9VG1PY
2202,A3RZ3PXOHNYC8S
2203,A2OU78Z5CHEQLW
2204,A3PEYN12ZNNURF
2205,A2PCH8I2Q25IZD
2206,ADE5RJ2I12LZ6
2207,A3W03FX1U68KN9
2208,AQMUXDDCLJSSV
2209,AXQ815VUEFTJV
2210,A3OKH5G69MS8D9
2211,A1P4XD7IORSEFN
2212,AWKA50N9DHLCZ
2213,A2HG554Y2B2W3K
2214,A2EUCXZ43C4TIW
2215,A2AGGWPJZODA0A
2216,A2J34I5TF46RNL
2217,A2Q7QOQTWLLQMA
2218,A322UGN29XANRR
2219,A3EBJ0F741V6DJ
2220,A152UP7TIHHFT2
2221,AJY3YGT3C384
2222,A3QB5BY912P5YG
2223,A3IWSCI3KCL041
2224,A1T1C43371GV0G
2225,A2I7FVI4OYAI3K
2226,A27SV3NQJDO5OX
2227,A3HRZP650QIP32
2228,A249ZJ5VGCISE8
2229,A2E76LB77DZVN2
2230,A38JT4UWUX8F5H
2231,AJG9MLQX3EQOD
2232,A2LHZKX1R0HW2M
2233,A248QWX79TFHAT
2234,A1KRFV2QUIOWB3
2235,A1GS2PM9NBC1N
2236,A2DJ1QKQ47IVOI
2237,A28GZPGT2ULA2N
2238,A1B6M00USHUR6O
2239,A2XVD99L5KBD2C
2240,A38Q1UX64HWEET
2241,A2XZI7L9HSFZPO
2242,A27CHGR75S3UEQ
2243,A2BA03DPLGR2WX
2244,AL7JY8Y58V8H2
2245,A1ZHQPAAP8HIAE
2246,A1058D8UFZL711
2247,A2TEAQ7XD3B11B
2248,A1B9CFVVCW1PVC
2249,A32JQLHNW0YF5P
2250,A33SPO6ZHRANFV
2251,A1R3ZF8C0G5IQI
2252,A1KME7DHJXNGMD
2253,A1REDC5Q8WQDKG
2254,A3UMRFL0EYCQK6
2255,A1TVL2T9KDXATV
2256,AZYTSU42BZ7TP
2257,A16TS8GY0U3DUQ
2258,A2VDIU6H955TJK
2259,AWM2XN8BG9DTZ
2260,AGK0AW19KX0Y9
2261,A3QG1OP5HK3WZ
2262,A19CV4KEXXAA1N
2263,A24PAXEW9A0ID1
2264,A360B0R58RG5DU
2265,A3VI7503NDDODN
2266,A12JG0YE6NIFLF
2267,A3QOPVSA9J7LGZ
2268,A38HKAQXYFADS6
2269,A2XFGR51S4WF15
2270,A22RY8N8CNDF3A
2271,A1AJHC3R2UF70V
2272,A3F51860NP4S26
2273,A65LMVDQ77VDP
2274,A2Y4I7JIF16RSO
2275,A35PF34SC9CUFV
2276,ANBDRW2S3OX7J
2277,A2VS1WG9VKINXI
2278,A1ZHE7ALFCMK1R
2279,ANIBLD38O5YZG
2280,A3TDXDK9BYDD5O
2281,A1P1QGCV3V1BJW
2282,A21SUQQK6GN2F8
2283,A2NLN3FP6JVBPI
2284,A3A7NBK91L48N0
2285,A1D3X5TOQV6FQ7
2286,A2FPGZXBPCLMMM
2287,A1O9QWITTZIVMB
2288,A110O89E8N4JIF
2289,A3JL07VJV3KHG0
2290,ARILCP00BO8DF
2291,A2WG72C4OT4P3S
2292,A3R16SQ4DHAN2O
2293,A2MOJJ9L5JQ5T2
2294,A146H9ZF0SNKLW
2295,A1BCLQB16KZ0ZI
2296,A2E6UDYYIGBZPF
2297,AVB4QB4LXZIY5
2298,A2DNZYSKCCGOOT
2299,AL1G2B703MZ3E
2300,ARZ5WMYJJ89DZ
2301,A23K0A6DL5HQQ3
2302,A1NM2517BA2QR
2303,A16PZR3RIK7QJG
2304,A14U83FD0VOYB7
2305,A1VJQ2J4LSUGKK
2306,A2CY5GG1GG0TYW
2307,A2ZCP7NS4WQAGH
2308,A2JX8FFQ7P3JJP
2309,ABF8QAQ2HV8A5
2310,A3NZN752V4CPI6
2311,A13OA6RAGTF183
2312,A1OPS8Q346ZPRV
2313,A1SKJI6ERYOWXC
2314,A3360IUUPM4ZS5
2315,AVPMB0AXA3U2U
2316,A3KMXJBQ5URG73
2317,A3V1YKHR8W22X2
2318,A28HQ3XG6G5W0T
2319,A14N807EXEBJND
2320,A1I7NI2FFVJLVX
2321,A25EROJ3R4XJZ5
2322,ARUK9RRF7Z30G
2323,A1ZC4MJCJ8U7NM
2324,ANLRDIKW6TY5L
2325,ATKWAG46FCB3S
2326,A712TJ5820FAY
2327,A1TYNXSIK5UIS6
2328,ATALYD9HPCEK5
2329,A3AQ9W6ZSOM9B2
2330,A2MBKEPPUSAVUS
2331,A1X9Z0FJ30H6E
2332,A1718U6D8QXSUA
2333,A349NCFNRXM897
2334,A3IPIL8WC0E24B
2335,A1QH9F8WE7VYSD
2336,AS17G1CWFDUZA
2337,AQOLSNCJDTBDY
2338,A3DVMKY2AV9NKF
2339,A3N3TVGNYYWCNN
2340,A2S1FAZ4BHDHA4
2341,A3OJB1UD9RDHPS
2342,A1F0AHWYIXQGP
2343,ADOVMN6Q4AI8T
2344,A341HCMGNZCBIT
2345,AKLVJGUVQ0ZP1
2346,A29CXVK4YQJCVI
2347,AA9WYD4L1EB6T
2348,A160H0YEDV1DA0
2349,A25UWYG38UIHF6
2350,A1LZ2BZTMFPGI2
2351,ALA8RE2HDEVIK
2352,A13CAEL27CJZYI
2353,A3C0G7RYF2NF82
2354,A3QE2KW3RNNHFW
2355,A2OASA5WU0Y7CV
2356,A2LZO2XIZI8CAW
2357,A1ZUW63U9816J1
2358,A255KKCZKTDTPS
2359,AFM9LKET50RZ4
2360,A2ZWPLINHIK3DS
2361,A10HMCB7K4HZYL
2362,A1G5KTEO74VRCN
2363,AI4HQ6T8S6BX3
2364,AHIMHJ4XUTGIM
2365,A6DIC7E7TPQF1
2366,AFIAM3V57IH2B
2367,A1FPLUWWNQKPX2
2368,A3RXDILVWRBXJC
2369,AMFE8VDYAN5D3
2370,A1WSRV66KAYCL7
2371,A2ZJ6GE01FO6P5
2372,A3CHOX3TSHFW1E
2373,A2JRNEPZPAHRUP
2374,A1GWS2NJ324IY1
2375,A2JPY5OA6FSW0T
2376,A2O4PVI323M2JX
2377,ACTNHIT3MKROP
2378,AI99KYALZG8NP
2379,A26XJS7I1S7OR5
2380,AXI0KE90R1U5I
2381,A3LHRWV55I4TE6
2382,A2V2C2WTSW9983
2383,AESN1JIRZ0BTK
2384,A4VPTOEDZS1NX
2385,A2RZSER5NBRRR4
2386,A2A2M8EGBY2FV0
2387,ADP8ROI8NMNL2
2388,AFD1HGLO8YCUM
2389,A1HKV62CDKQ5A1
2390,A27T38IVP9PTK
2391,AUTXRASEFDJWT
2392,AS6N7RH7K5HV9
2393,A2AYZRRZK7MG9Z
2394,A23UZA419K52A9
2395,A2Y43XYIJIGSWX
2396,A6ZEPK6Q2V7OE
2397,ATLYYBE1OCCTO
2398,A1R1B3C8CFK4CZ
2399,A2VB2Q9DVM2K39
2400,AMI7NR2C7DO10
2401,A1T6RI3FZ6KXES
2402,AKKBYT8HGON3C
2403,A3H5EMPO8T64JN
2404,AKHW8HI2XV7Z9
2405,A36CLMUHL8OBHJ
2406,AITP0JGYPQ2L6
2407,A2N2C8O2RYL3M3
2408,A384P5XYDRGBCF
2409,A33Z318TMDAFDM
2410,A23R1QCRL1992I
2411,A3CY64QEXLMMN
2412,A24HMBKYHIESNJ
2413,A20HI5PX1YQIEM
2414,A2IYTL3F0W3JI5
2415,A3SJLYIRGXOMHM
2416,ATEUCBITZJ5XO
2417,A3HPCRD9RX351S
2418,AFNYEP9UND180
2419,A18863ED340L4F
2420,A3MNFT5VFJ2V0V
2421,A1Y8XK5286THYU
2422,ALU1FK38NDX7Q
2423,A1P21LNRXPKJT0
2424,A3CAYEQ0YJMEEE
2425,A10UW8DCREFXL0
2426,A1NYM2LV1TJ1ZL
2427,A1G51BCAPXOGTY
2428,AT0T8WPLWORCS
2429,A19YQ7WLQFWOR3
2430,A36HL8Y5NI4FR9
2431,A310EQW2G09TAN
2432,A14VGUB1ZX9AKQ
2433,AM37NBDS1QLCT
2434,A15O3HG09O1KRQ
2435,A2JCXR56JNC198
2436,A3GYW3CV5YOQD2
2437,ANQF14AE81I1K
2438,A3RD0LHVIRWWA2
2439,A33TA4K8TO0MJH
2440,A8UK2SUUIB3W7
2441,A1O9EKXQURBME6
2442,A2YJXTEPUSGB0K
2443,A37FW6N1JEBRFM
2444,A36EGPFMLL3HQA
2445,A17UHDV2O651YM
2446,A29517HU8CW0RI
2447,ARIZ46PEETTHV
2448,AP4VC5YW70CO
2449,ANDFQ67GG170I
2450,A2SFVAJTL8V4UB
2451,AVUNRKUQW1I55
2452,AWQT6S1BYA0YO
2453,A3PLS8FRE0WV02
2454,A29HDY49CQDCWG
2455,A2NSS0L3NIU6CN
2456,A39XWQCU6RDXD4
2457,A2V3S0DR8P8DFF
2458,A2DXXJR0N8BXOK
2459,A3FPR82M4TB5S
2460,A2VAUN3R0OV1MB
2461,A3UL1A747PIV70
2462,A3Q4U27CUGPDXN
2463,A1I4234PN932QU
2464,A1EVQ6YQ4XB1L4
2465,A2Q5K5AXHCAW94
2466,AWYOVVOCJIGBK
2467,A1993QHUZGTAIG
2468,A2V6Q9HL3WLS4N
2469,A4SSLRWWDEAEH
2470,AK5PTTHMJEOF4
2471,AWBHFHKEM7CS6
2472,AJGD9CB3AP118
2473,A1NXMP064PLGNU
2474,A1U1F2KB0N7OA
2475,A1WQ38OPQPXOGN
2476,A3NSDSXDKMY817
2477,A8RIZ1TNK7ZE4
